0xf7cd2454ee3ce7cc06f1eb33f1dc0a12de0e5dea4ed98fa2f232b9f134c12c69, 0.012
0x678d2f55fe47b4d43a3cf2072afe98e2b191dfbcdbdff3cb82e15fcaa5d5e903, 0.012
3

0x6ac7af68c874f3e144d75b49b5b7f44ae1ed28a58d482ca5cc43a3abab6b13e1
112,907
.487730121
NAVX
0.011%
4

0xe9d91624aa0236f53b226422821569d5c2e56ed8241f72bac5b92cb8d57e7437
111,262
.315037077
NAVX
0.011%
5

0xcebc2778fc94f2de0f6cab751c2d9a1b17da88e4b9cf2c8522166a168f63f2e3
111,111
.2
NAVX
0.011%
6

0x17565b7f2b261211dd3a41bea449852b3236c1807ca2dc03434f7eaf8d8f3fce
108,084
.68
NAVX
0.011%
7

0xbe6faaf95e723873a5f4b34dc2ff51d25c739f618a39f53fd9a71b3d201c7aa8
104,843
.574507074
NAVX
0.01%
8

0xae9eab77429c7c9c264757bf050c99cd47498f646c5ce09993c4be4521f38f4c
101,089
.649833267
NAVX
0.01%
9

0x44ce26c3f70ff33abb8d0d12e20e69bb0f768932f3c6030160596e6ba08f4e8c
101,001
.188292272
NAVX
0.01%
10

0xeda000090e727ed4f2f2b67590b0063115cb2fecfceadf6a344aa0312d1831e7
100,198
.695301504
NAVX
0.01%
11

0xd990f7ae165c2f89d37ca57f527978fc1c6c1922cfaec660cf9a9436a7948b40
100,022
.9728782
NAVX
0.01%
12

0x338ae5a238e97463fe5d7d0ab4649c6d427ab465eff8737d93ff14c4a9148b7f
99,012
.82619264
NAVX
0.0099%
13

0x54cad3588309b6076572032768aa019ca3d958052560cafd84aa4b2e89e2785b
98,689
.517583616
NAVX
0.0099%
14

0x8001e7e1f0722bc81dcfb815de529678c509099c6e42ba82db23bffe026b7b96
97,277
.889268651
NAVX
0.0097%
15

0x6d0a1b338356b684837e0561136b24df8353eaceafb320de63fd807981583f3e
96,397
.618218563
NAVX
0.0096%
16

0xeb361c51c57182e6d624aab227506cccd5fb9b7e6eb2028bc94e96aaa802b4e3
95,995
.504842344
NAVX
0.0096%
17

0x38f9e2349d869207776df446004d911bdb792db16e5844ae7b1aa0cdbb0d548d
92,003
.160981682
NAVX
0.0092%
18

0xa8bd39084e69da568a8cd97c7d826ecc994bd92bbe54892a19c108a84843a501
91,409
.5237706
NAVX
0.0091%
19

0xee96267f33a4c99a8d082a103102e3ba88ee60417e7e572f42a93b65fbf72638
90,888
.19378
NAVX
0.0091%
20

0x0e1f0743dd6c68a3442583df603daa3596a1edb866014394d610accfc182133c
90,362
.614648004
NAVX
0.009%
21

0x063433969e033bed9e90c0620999cff6a68121be5244c2eca5e4b514257690ba
90,277
.200000002
NAVX
0.009%
22

0x204034556683bfd223c62edd67fec690b1fdf385ae00cad12aed50b4663614c2
86,546
.66991106
NAVX
0.0087%
23

0x475353df89fa96d55a8f19dc66de33b0bdf7310cff617a90c56d7d1756effafd
86,424
.669852586
NAVX
0.0086%
24

0xb5dd5307b83da68de826a5ff7adcd92d0af4cec52d56444817fcb104474b5189
85,876
.47027
NAVX
0.0086%
25

0x7025a498b0e325608d99d032b056645e8290b154ce24a9819e5a3331e4981dd0
84,725
.642756243
NAVX
0.0085%
26

0x70b9b10704263cf53392849e33b1f5fd16005869b4198ed5524836bad1234ea2
83,614
.166368484
NAVX
0.0084%
27

0x7cc80ab7df13bb162d44f723145a42963c5ff6843d2dcd1f54670261e8d51556
82,881
.15
NAVX
0.0083%
28

0x2dd4ab8844caa342737243438d0521227c2b20757436f99777310fe9c25ca884
82,238
.09353
NAVX
0.0082%
29

0x550f5d2bf56cb0b913e97d51acf7e51be35e7c383a70bb171bde03d9132b095d
81,818
.45584803
NAVX
0.0082%
30

0xb581921e269ec24176d84aa4827a2015fc948978eb3de34cdd6b1de7d58ca27e
81,304
.846338761
NAVX
0.0081%
31

0x5037a866b4ffe6f903c52b0a49ec74ebbb37afe72f140dbc52eaafcc48992389
79,594
.893341196
NAVX
0.008%
32

0x9f63425709069336fec108bd4ba69a8f3d23e8ab237311f3ce58ae2bb0ed4d7f
79,312
.308755709
NAVX
0.0079%
33

0xb4410f59f167fdcbc67b43c3d7eece27a913a484a9951b2427d478fa7cec2b5c
75,000
.000096074
NAVX
0.0075%
34

0x8b85d49f309dd2f4b24447244c3cf8b81e40d86c49afb77135a0fbbf33be03fb
74,499
.6
NAVX
0.0074%
35

0xa5c6b2be7acfe6aa3a180991429203fe593446af3bb7cc9a98491edacafdc508
73,042
.3164724
NAVX
0.0073%
36

0x93cca2a17686c225dabd2b6e0c5848c7ef2e5e224ba40460090e3182f304a3ed
72,207
.97
NAVX
0.0072%
37

0xf066a94b745a000af3b2901505b6aa620f735f1cdd6d067d34605977fd726dd2
72,151
.45950371
NAVX
0.0072%
38

0x7cb41c6bba3ba9adff2b47b838a98a8885b12175358c1793184435c9bef8128e
72,068
.914065853
NAVX
0.0072%
39

0xb57de0397604a34637ee98a8122424718a7d9c80ab4cd6fd39e5c2d8b1d07ea6
71,757
.876717412
NAVX
0.0072%
40

0x50573b762d4963d08da765f51636dd2497e4dfc5d26c1b94b895534526417b6c
70,486
.454500052
NAVX
0.007%
41

0x5d25afaece0c1488c161a3d88bfe9f1428c948b05a59ea0cfaa8f02621251d4e
70,405
.635818628
NAVX
0.007%
42

0x18189d49bb6866552017084740b18f4c6a1e81e0ef5724d2b670c646ed7f3882
70,055
.637815598
NAVX
0.007%
43

0xa2e402aa4edbedb5313189c9d8cb5866f65cf177b45d7ee76ee0c82d982c0ac7
69,444
.4
NAVX
0.0069%
44

0x59b3aed37da01597fe8014460bdb99a00b85a03eab94ee58ca1f91325000f8d0
69,241
.238852031
NAVX
0.0069%
45

0x742df1b222d7f5ab5b35dcc0667b88c574eed459d55771c8b2c7cfbf7eb7b8ba
68,091
.92991
NAVX
0.0068%
46

0x6572d05c648502b8dc6a703c442aa4b5a09355f025fad185ef5b2d1d49283b68
67,681
.566693948
NAVX
0.0068%
47

0xb0d174c5088aeaa7201433fe1859015b5f44dc70f919c6d7c60f9ef64eebe23a
67,346
.383890625
NAVX
0.0067%
48

0x25f1afa06846a6948f1e6ba0482a2fa275a1951597d980fd0822005970e23f83
67,312
.2962
NAVX
0.0067%
49

0x68ec08451c7ae97c36da15095a49d8a5f07e8c51b3729b3dea5731a80f33e8bd
63,977
NAVX
0.0064%
50

0xaf1e0755e3dada3c4fe8b763ba58a3678fa37fef0d7b1b86328518f7b62f81df
63,000
NAVX
0.0063%
51

0xa46071a00748163a9be5f47d948652ad9e8101481445a1fbb05a2c0514c0ad9c
62,907
NAVX
0.0063%
52

0x12d77bc33e555ac4cc43848cb931ce4ee76beef1295d7341d9a1f977fb0e6c56
61,044
.493214
NAVX
0.0061%
53

0xefbd058237a6ebb5a933fcb507a768e703c44a25b63a8848ffb9d4d99ef87f74
60,749
.774968587
NAVX
0.0061%
54

0x5f433830ca85c6d55085fa870ff39da0207d5d4c8be646139135bbfad61bc811
59,996
NAVX
0.006%
55

0xbfed272c4dda7f98d4ce0baba146375816e2406e7fda2ef4589c53cba613a55f
59,348
.630867184
NAVX
0.0059%
56

0xc0e73a921eff9eda2d561eb3371c8aeaa8dfe7d497bbb099c291eda19f6e54de
58,798
.27115
NAVX
0.0059%
57

0x03df73c3e545092eee94ec057a1f854f747cdb84161e6eaf8d86622de070fffa
58,645
.813755774
NAVX
0.0059%
58

0xffb6cdb1dff0f6c36b1ff0cd73b5db6d4a35941b8c83d1ee3f8928dfcae9e834
58,374
.78
NAVX
0.0058%
59

0xc7eb3be7b0fcf505bdcefd871573909cda77ecc0b0aa0d54d57df4bcc508375e
58,116
.563
NAVX
0.0058%
60

0xcb938454db4f09d55de1874515c48652ed2fca87e98a11c61a8727b6556d375b
58,086
.154081782
NAVX
0.0058%
61

0x7f9ac48d8081f45f0a45a497f328d3fa40befc3d149598ae02e7074f0ca2103b
58,061
.615505229
NAVX
0.0058%
62

0xf2d82f82dbf753189b48c593220da033704542f891d42fe229d23b50da7feff7
57,213
.4305307
NAVX
0.0057%
63

0xae34aaaec306e7d8589598df84178dacc473263e34e6f9db9a0910f6a23dfa8c
57,062
.21624798
NAVX
0.0057%
64

0xe94a58e6e80e198b5a0ea6eb8197812fc847ecc267accdc0f035e0eb3d119efd
57,016
.629793858
NAVX
0.0057%
65

0x60c65c85de3c68ca528c92313f0956c2ab84bedd881048e748e535a20ab3757b
56,744
.717543688
NAVX
0.0057%
66

0xbbd6185e8bb062e1a7e14f040da7093c452ac5741169449aa7262b3cc4e59f06
56,424
.022264722
NAVX
0.0056%
67

0x70c38f08791fbb89f8e63dd0d9dee80ba92bfccd28f57680c7653b8576821fd7
55,831
.41142
NAVX
0.0056%
68

0x80c471d3af3260d70a8331539f879cece724e3135446bac02aeebfaeb29872b3
55,664
.722070348
NAVX
0.0056%
69

0xfd76a3521161976ef583ee69bad3d4dbdde7f4c099dd6f27c1b081f79547079b
50,977
.8698062
NAVX
0.0051%
70

0xc5ff5b2392f04275caaf53ff56af1e36f4b1145676f9c6a0a6a2aaf3933f15c1
50,618
.2
NAVX
0.0051%
71

@blub-a-licious
0x0e813e97e4eb1928c322a67cbc2c86694084e76c36248026d02aa8f063031fba
50,595
.88457969
NAVX
0.0051%
72

0xe0d48204eed3703943752cc0079a01c68d26cb78f93433f54d5810db407f09a3
50,478
.865900197
NAVX
0.005%
73

0xe176b2148d42eee3f4129a59b82f759e2693d6d2f92a4ca98b73bf8c91a2ff52
50,298
.807440295
NAVX
0.005%
74

0x6f9faa385e24ce1570f934fd071cda8c126146e38896ae293204e2c58e676ecf
50,089
.429884933
NAVX
0.005%
75

0x9aee1ef47822a3aeb720127ec4c20e5bc9e6f133df13bf08d1f944e5f1a4e024
50,041
.805467542
NAVX
0.005%
76

0x96c0510f0abca6d60839c38fb52a914ebafc1737431a481227866b952b0ab4ec
50,003
.115101276
NAVX
0.005%
77

0x33115735b4c4ca252440f5760c583fb0e38350a87d3ee16bd7058118ecb566af
49,995
.7998133
NAVX
0.005%
78

0xcbf42d5603f9dc4849176620c6671a85ecd8a200feee996ed9123da0f1b226d9
49,763
.102397869
NAVX
0.005%
79

0x4b3afcd036e35107b90c48654ff71bfedda4c04da1f340eb16dbff85ae1d6e72
49,391
.13930714
NAVX
0.0049%
80

0x6535da7cbf42f0744ca1e942b9978c96742a6f7c0b3c6319194f0e5ed40d81bd
48,969
.3224
NAVX
0.0049%
81

0x7b5871e77ed56c7e3fc5aaa4253c8cc4685a39610bd71e9dbd73052387e96de7
48,610
.8
NAVX
0.0049%
82

0x93e53faa1fa10a8687c9f90a136b7523ffc9b82d9f3fe178714271a2e2b324e7
48,151
.338591899
NAVX
0.0048%
83

0x37a05d434b73b1360c3e564f761c34997b2279a606b7cdddad93afe3138e09f3
47,470
.792288
NAVX
0.0047%
84

0x005e74c920b581d12893d7db2bf69b2e7646440f2df46e769a864cc062d69e2f
47,303
.730681693
NAVX
0.0047%
85

0x85988f04650dc83bb76cb944e8db12bd85c227596cdaaead9905a99f58051de6
46,677
.755925507
NAVX
0.0047%
86

0x7b6f9fbf3590b48670127029eed5668d61f23ae35440021f5ea111b9c26f4dc9
46,631
.36523
NAVX
0.0047%
87

0x229eb66b9c98e6f20e9e5bec806a4a9bc3a444ea5a58eb6f05e68ef0a9951814
46,169
.87739967
NAVX
0.0046%
88

0xd789e41884b7e19fe7e77f9cf72416030a75166b3be2560fd550aaa7475323bd
45,996
.08382
NAVX
0.0046%
89

0xbd82eb7d2acf4e7261b8f3fe9a4073253b6df1f2f2b3c7ce69edbb8089d045c5
45,981
.21632916
NAVX
0.0046%
90

0x7f86d79fa860d9ea3e8a75a896449cd5210378bee72f15bb9a3c1f431e4f68a2
45,791
.717526106
NAVX
0.0046%
91

0xc2ebd0e51d89753cbea7f193c4fa937078619d3d2bc8ac60b5fa888296daa169
45,404
.75113243
NAVX
0.0045%
92

0xf2dc66912f2b0bb35c47e7e1ea094530809591c80753a3e10a9565b8b3908b1c
44,384
.359607
NAVX
0.0044%
93

0xd0d508b1c812a853423be9317cb16794c94467d5f4cba8146f7fcaa969b44b29
44,096
.548253534
NAVX
0.0044%
94

0x8154e7e7984009c635778df675f566dbc26d8b274bcc89c41c10adc9509a6365
43,446
.632157272
NAVX
0.0043%
95

0x2954884c441f6a259415bcb4bc9113bd066232193f58c7c30ffcbf044c9b4fe0
42,735
.05383
NAVX
0.0043%
96

0x7a1f6c9c4e1de525f281421c13e31d10fa3c7cae749c2756a6222f9d1b7ec196
42,558
.412340333
NAVX
0.0043%
97

0x56c88878ce0039d5033538d48ff24a27d055b58b91106f94964d303270c258c3
42,548
.19545
NAVX
0.0043%
98

0x87925c2b2827c001840cc8dc1e2202f527c13d10ae44ac0ad9a85297fd2a4bca
42,349
.95316
NAVX
0.0042%
99

0xe3eda5bb5c40c582bc5f492c735ab54930d9815241df7496b147ae56a502d44b
42,260
.920864
NAVX
0.0042%
100

0xd601f6858f73508a4fb54cfa386505d685622fae1c4863042a6689eb5462f79f
42,258
.000485184
NAVX
0.0042%

1

0xa38ec106276202d782fcc8122ad9286496a91ca46aa22322086cf49b32dfcdcf
41,830
.383270683
NAVX
0.0042%
2

0x6e0f00603e1ee3f910f9e864c5a037196e2a858c1f12319694c67fdee10a7c0c
41,813
.669046398
NAVX
0.0042%
3

0x651ce36e96f36428dc694fe31ef587dc2d32106e92836959b6b073fa65d286ea
41,621
.836673
NAVX
0.0042%
4

0x97eddde119a575953cb911a9c7074d654ed6fcfd669f6a02d7c7b7e286fe7cda
41,531
.716838253
NAVX
0.0042%
5

0xfbe0066fabca21399c22e71d91317840f470377f67fe1660956acf1bd01c48c1
41,426
.356669927
NAVX
0.0041%
6

0xaed92dac22ae233fea4322a2427aab4dafebc3c84b8ba3aeb1141e5c30ad9a96
41,038
.579012418
NAVX
0.0041%
7

0x7bfa1fd03808c3bcd448e7a65ba3705805ca7b860250f24fcf090581fa9c4e7f
40,772
.333783995
NAVX
0.0041%
8

0x8fc51f8b09e5bcb65bbf44a87a3620d5836d8188a421f6a85751e76879c1f0f8
40,004
.800871752
NAVX
0.004%
9

0x15021cce856058d6611a721f91b1a325c65628c1341abdcf68e3930a38471111
40,000
NAVX
0.004%
10

0xe3ddbedab9150d9b0ecb74cc27f3cc8cd24624965ab4e399124e452bb9078b99
40,000
NAVX
0.004%
11

0xd00e562ce86e48371c146c847ce92678dbe86374bb5d8b2b3f405c18e80ce9c0
39,779
.55
NAVX
0.004%
12

0xae682c350fcc016be0c4ae4672f65535dae0ea6de10331ca64b2be9535651d6a
39,101
.7455
NAVX
0.0039%
13

0xb2666e8c52df30676f4e77b90e41424c8e0f93826b22b7d703ccaca51acd8203
38,824
.6077
NAVX
0.0039%
14

0x53783dbdd768c078fa076512f15bad70b478d86169f2f5baf4a6e0a899f3b055
38,644
.165355655
NAVX
0.0039%
15

0xc5e3242b874ca673b729c113af2acd2b1fda5776490c41db14d8f9ddca15ee8a
38,615
.116892
NAVX
0.0039%
16

0x19ce51112e7ccd9a1196bb8c268d0c6b5ead7f629e7a9d119ad34b7e4c703c1b
38,438
.9557
NAVX
0.0038%
17

0x3bc2f42d53fa9d9df96986b155537a842f60015bd8c72b0672d7ff23fefc78e5
38,301
.802837045
NAVX
0.0038%
18

0x97c1ba5e6b10d648662d23b2f17af7bfffb6c4b98efc3f5af6340897df874de1
38,269
.205464041
NAVX
0.0038%
19

@bee
0x3e04ea76cee7d2db4f41c2972ac8d929606d89f7293320f0886abb41a578190c
38,180
.260866105
NAVX
0.0038%
20

0x9d1c61f96922056cdfecefe512d17764818c30a167898180fbee66d43a9fdc1e
38,010
.13689
NAVX
0.0038%
21

0xe027a86d5c01f39d680e60a2438c28116b95868640eca88787a2196d3f1e72d6
38,000
.535497183
NAVX
0.0038%
22

0x726c093d5221ca5a90d12862a9df9d2bd708a50fecd120c50e80bfc65f8d33c3
37,991
.843168376
NAVX
0.0038%
23

0x26c327ff80727b14e8ff2a99b8019f36f163ccd86c99985010def86cc09ee5c2
37,597
.307699977
NAVX
0.0038%
24

0xcd50108f047c0b78acf6f9cdbcec172f8bddb1631a72f21e4582af3648955d64
37,350
.247316805
NAVX
0.0037%
25

0x299bb12b63b1db41b49a12af8be873e8ef290e08f8b539404fb5543ae231b4e0
37,325
.90062
NAVX
0.0037%
26

0x2af44f6fccee0ae428026faf21291a00da78fcdcb2b689f77f14b46e33ef1163
37,141
.241007561
NAVX
0.0037%
27

0x7941db69cb39515cda160b1285b8e4dd3c56f2b303e140f5ef489952ecd32eb8
37,037
.01
NAVX
0.0037%
28

0xa02e248c57955d5a4a6e8827f0938b1939f28f4927bbb0c186e30c6a6746f7b2
36,694
.2321
NAVX
0.0037%
29

0xe708238b4c60bcd1581dde21bd28f0709ca61311966c2d29dbbb8cbbaeb69ed2
36,020
.804501295
NAVX
0.0036%
30

0x385f77d46e7ea7956ba59cfa12328ac26207569e478808b469eedfb4b95db09b
35,994
.257636982
NAVX
0.0036%
31

0xad2863f940ab3b974974697a990c6531c49d95c577bd79ee54c4441dd98ac529
35,737
.4799
NAVX
0.0036%
32

0xbd03f751aa646d0c0f9382910315b566e1555c26e2bbff7de6bddfc824a45473
35,674
.54337
NAVX
0.0036%
33

0x7e124f5c431da2769e39ae2248e6e504c7bb915a90c61ef456ae505871333a20
35,625
.01
NAVX
0.0036%
34

0xc6d71834cddfdd809e9ed5b50983a433b16e1bc57a5e6f3c14e758032af92b91
35,419
.165462771
NAVX
0.0035%
35

0xebdef95a884ef868a9d885679bd0e941c110c73d002a4a7f5884e4912ae2fee9
35,180
.92155
NAVX
0.0035%
36

0xfba21a83bfb836b9d6a82a94bc4aadf3fedf06f3a44f4c61d843e1dfddac4bac
35,123
.9439
NAVX
0.0035%
37

0x32debf618c78bac0886670816101c750cc773e6bf3e353f7c3f65482f82bc3d3
35,016
.5228
NAVX
0.0035%
38

0xb7c248f3bf5477976646f4fe8f348fb6576828b8c1d2f0fe550b4552074c0a24
34,883
.824933141
NAVX
0.0035%
39

0x47da39bc9b84e6992cdd11f23fd8ec1e6f5feabd5d5ad86f0de1158033f81c1e
34,725
.7817056
NAVX
0.0035%
40

0x88af12703f7bb00daca5061b9c120bd0263ee419aa4676893ef62d0b9cdcba98
34,722
NAVX
0.0035%
41

0xf3b5ba028b515a59cd5db45b7cf4aadf29bdccefa3fc09b0ddb8db163a3cf3ef
34,598
.98034
NAVX
0.0035%
42

0x57a4e904c2fadaf87d823c4421ae4f95e1d22d2db4c026e32a9f10b0d4b2270d
34,583
.453918
NAVX
0.0035%
43

0x04ae156162b6d617f1738a0014df482aeeb07724c6db5aa0029e55f2a25054db
34,563
.136359719
NAVX
0.0035%
44

0x279f14336564a7fe0841e57b18db6884a206e23befaa1d867c6e9f651ddf3bf8
34,522
.743257692
NAVX
0.0035%
45

0x88afa00e0463cd262f3d05c909b8b69f89cd983fb52ef383095450c5046a52c9
34,133
.7622
NAVX
0.0034%
46

0xc8202a38d3d748f5e9a3b66c849d1ad3ce14a341a8fc682f1f9ef12ac7a7c21a
34,060
.497284156
NAVX
0.0034%
47

0x50037ce8703b64ae666848633257e9c5b5f7c6b1affd6732a870714807b3610d
33,778
.924862755
NAVX
0.0034%
48

0x5cdfbdf68ea9971d7bba873d71a1fb425c2b0d54ce5c8f629a0decedc278c99f
33,519
.1628
NAVX
0.0034%
49

0x578d116e76943c98026f42df863ee03430bab5b91ad05051501d8d55871fe317
33,139
.797
NAVX
0.0033%
50

0x47601d0addfbcccf5bd1797228602a044a27b21028c46d2e627f4e7f354c0b57
32,991
NAVX
0.0033%
51

0xf0d3b087008b847fc8d3dbd303c01137ae5d6a1be687e78f13e5abf2ebb510eb
32,708
.827425984
NAVX
0.0033%
52

0xf33bdb0da5579bf5cea0d2d430f8c97f90e7edc9408633fec89d6daf3a150eca
32,486
.71563846
NAVX
0.0032%
53

0xd1acfba7251b2b254e3126af9062a41eb2ec8d1b58483d81baa432bc86398c30
32,457
.10864712
NAVX
0.0032%
54

0x4b0e60f34534e116ad09efa12c9e27f89d9b7137462861464b5353b5e6ac32c1
32,243
.666
NAVX
0.0032%
55

0x4c3458eec8f2a4959ffa8dc84b4deef4071d8bb563cbeea449ed51552152b5af
31,839
.63
NAVX
0.0032%
56

0x394de438367414795209b40a6d3f5efca702a5ec10aa9da52e7dc0fc16bc3199
31,724
.298301536
NAVX
0.0032%
57

0x15bbbed9e5f677c846218f4d15eb06c66ae99488e99ffe1bf0c14c898b769688
31,491
.820109724
NAVX
0.0031%
58

0xdd4a81b870d2ce7262fa2ddb62745ec1b31bac4751787c0755f632185bd81a7c
31,344
.927563966
NAVX
0.0031%
59

0x744c6fe2b35e7fa1b262c717715f47554533fdcd4f6f1c911d4f98f6756d662b
31,087
.573816442
NAVX
0.0031%
60

0xeb2f44e0393d035bb54a0699ac541da2b26eb5a755bb31533c6fe933b9acc250
30,777
.39275494
NAVX
0.0031%
61

0x02182625c575cc4a877232cd7609c783b867423044ebadb055f0aaac34b0dabc
30,769
.23
NAVX
0.0031%
62

0xfdd751206419291d2606ba938c9b969c3d2c4104e555cca38766414fd7d3a8a8
30,555
.889
NAVX
0.0031%
63

0xd87e0ac91b002fc8f2d8d583189d67cfab540289c8fe840294a2d467491ce9c3
30,414
.525206955
NAVX
0.003%
64

0x63f882a0886f19b4db426948f5b66e2a021a6b2aa7e0ba163d0ad3f34f4eca4a
30,200
.217020779
NAVX
0.003%
65

0xa747b62064e2e18ca22fd5a09dddafad191fc4daa1fb72bb778a50c6c35f9b94
30,199
.526778779
NAVX
0.003%
66

0x3fb996d6e32c3b8bcbe4f20f94a4ca3325d98cbed2030b53461de869b94e0abd
30,169
.477652515
NAVX
0.003%
67

0xb1ce4bcf12f68e31dc7040b47c101e1e50d7631b4adbdc9fbe7429a9a0f2296d
30,150
.827481817
NAVX
0.003%
68

0x6ee0b85167d941e414803012c718162b3d4ab465c63a083d112a980489dd2660
30,116
.62635
NAVX
0.003%
69

0x2b92c23a87a5fcada598b2cb90c429977c4605c52e5d525b8739854a42bbb2e5
30,000
NAVX
0.003%
70

0x5dff1bb52997b3205de24b0c7e2aaa73ae8f0187dce92b2b7474f2c5fdeafb17
30,000
NAVX
0.003%
71

0x453df66050e12717f63fea60c17a6e81a05561d7bc69b9b6112432fdabff8387
29,999
.999521521
NAVX
0.003%
72

0x8f3c72e95829ea1217eda04e2b536b6613d07a86943bf061ca2d389e963e0344
29,952
.68433
NAVX
0.003%
73

0x7c594cf1e3bbcf30bc0d2a98d8142fc4fb163fe4f5585921d6cc8a16fca3cf33
29,719
.943286451
NAVX
0.003%
74

0xc9b396ab44391512f960e192264f06e9cf966800566d055b6206844bdeadb95f
29,272
.392309573
NAVX
0.0029%
75

0x1db6056b0885bda475bc9bcaca8379f6c110a6e680d259338f74ad9de8ac6756
28,871
.13396
NAVX
0.0029%
76

0xfeaceeaf53a2a668df6a1824766be310bb47f77c2762a91a84dfaa524e4104b5
28,746
.723221699
NAVX
0.0029%
77

0x938927220f2674d70a4f93fc700a488e0910a027a5b7b5b922bf24d4856d8986
28,743
.2545
NAVX
0.0029%
78

0x963ecf8b8a5cd6d7fe49f1917f1d0566d6d78b0d214357f1337cc2e3cca57c5d
28,509
.951982
NAVX
0.0029%
79

0x907e56cc12505aad74088c50b65c6ea52edeced3549eb84a1b9c81b7f1af0d6b
27,982
.541527693
NAVX
0.0028%
80

0xd8854f8c5deaee9e5e6ed2da50734aecf44f315f7a2a158a342acd09893582ab
27,850
.402197918
NAVX
0.0028%
81

0x152b2f61235145fbea5e4f8f2e4533b134793b3794a49fde002869cc9c3f5340
27,644
.777227631
NAVX
0.0028%
82

0x05bb624046d2c813f00f0b9472bdcc0ee35eba1a2f7d9950d4c9d5499f7a5839
27,477
.712782
NAVX
0.0027%
83

0x64891a4470b16d9b61d5a0e789dc7e750fc67c1e94f075368edb8413185c27d9
27,384
.92418
NAVX
0.0027%
84

0x8af9106f95ff40a8c5df49062b4208f312da9af831f8d11b1c941af1e8941e71
27,361
.177758943
NAVX
0.0027%
85

0x50eba086a886b4ad650e47ea77585d208e4f68d6df086bb6c1bb99b8bf7fefc8
27,327
.66233203
NAVX
0.0027%
86

0xc2d698a7df97dc2ef75aff98a803efcb17a27b94802a1eb67d008bafb431032b
27,321
.678149289
NAVX
0.0027%
87

0xbfc162ab3b657f16c81d9601e5cce3abba3a2c8791bdaf81d67f9297bd24cd2e
26,956
.273179843
NAVX
0.0027%
88

0x2be5648b1aa3067832a00b57db0f1ea4630b54c1d5ebe4feb60c07e45b997c18
26,801
.951558851
NAVX
0.0027%
89

0x4598648c5dc4681a78618b37ae11134bfe5d2839f6bbe20a31e8bb9eb054382e
26,777
.789200729
NAVX
0.0027%
90

0x94f7b4bed6357e8123cf16792fe6dd599df32904446d3d7917e408576ff4ea66
26,665
NAVX
0.0027%
91

0x0a1d5da529562bc36a2bd741c3835a00bb7bb4f1f5dbaad98b473005b0d852f7
26,505
.498049826
NAVX
0.0027%
92

0xe10beda2425277684af603cf1090fba810a2f67b1415836400900ba6bdeb5c76
26,191
.456633948
NAVX
0.0026%
93

0x9bc46542a7ea88663830ec170f32721b0c0dc67fb1796fc9509b3299d3c55517
26,091
.973710434
NAVX
0.0026%
94

0x878f7a356b467b22d1382bc128b0fb0f8e926399ad87f6b9064e1aaabf669e4d
25,941
.564248075
NAVX
0.0026%
95

0xb35196b2b275aad25fd0f90e488a0d53b40c0ca1df4a88d0a89558ea96ed8cab
25,874
.63
NAVX
0.0026%
96

0x0b1e3dbe73a73effbbf31ec16b96e33b9b3ef2368254c2f78f0ed3baee8fd6b0
25,871
.901675965
NAVX
0.0026%
97

0x8cd956b826cabb25dcc84320031de5f13721dd25202f98d2c1807a9bf49e4489
25,647
.926830299
NAVX
0.0026%
98

0x40a759b4c965756fc521914cdff09b52a79300f858244e8111ecab6c9e202be5
25,416
.36219
NAVX
0.0025%
99

0xe8e275136d62a88d1f02f8e438b553ddc979d7ce602230eb0b6be08df36c7a54
25,272
.1337
NAVX
0.0025%
100

0x2d629e2fad40afdae94f2d7221663cf48779a36d2d653445842e3bda449dbb48
25,242
.33
NAVX
0.0025%

1

0x50d228392638d9570daf173eb14117550ca5cc760c943aab84a664e689e0265d
25,184
.911478523
NAVX
0.0025%
2

0x6a6448c7cd236f0b42b1ae8d1f8c14e862d89a31996978df014d5b7c9d573de2
25,121
.124716122
NAVX
0.0025%
3

0x69245b5cee4d74149688fb22e80f0ab9adc6e533856b190147a6546e493e67ad
25,055
.49248276
NAVX
0.0025%
4

0xc97da8bd26100b8992cf29d335373f510be3df1759e4bf2d3243184fc9f281b5
25,022
.23927
NAVX
0.0025%
5

0x23d85be8c4aafa5e654fcdb39ecc86f0611cdc6e139fa257f24872ce2b543f8d
24,952
.004294
NAVX
0.0025%
6

0x570a6dd315ce8d3bfae4cb8c3a6d1bdb2e26b2ba1c78d69fc1ef98794f2170be
24,699
.680786724
NAVX
0.0025%
7

0xfc7f9b5b03085358769566e5cafbca3eaaece201e006515af293705e486534c1
24,149
.644975047
NAVX
0.0024%
8

0x6607c2cb3b781e06f14ce22befc25dcf4605d159db1912b3d5371246328e77ee
24,134
.912907485
NAVX
0.0024%
9

0x257e647af00abbbc9d9e5c2760b32865a64cb6d81e481de5690229e9b854cd5e
24,089
.759734473
NAVX
0.0024%
10

0x24c7475a49989d435c210fcc7620b62658811edfb623fbe066b2a28e3e85b10c
24,031
.32287
NAVX
0.0024%
11

0x0e079271a31367b5a7e1f99eb0e3357a60428f830b3624bb94775fe2b4a9416c
23,989
.88710158
NAVX
0.0024%
12

0x270574d4e84df60b160a66ccccf2f4b839dd1a38005844a6583e18b4bf28e976
23,768
.73826
NAVX
0.0024%
13

0x03330be2c30c60b96ccdff01dc112ee0db1e2048563c6a49422b6caeec64b80f
23,314
.417913334
NAVX
0.0023%
14

0x38aa62e44093e7483f3c4d92b86d7653f0f8118c1619df08539bf5788f30573b
23,204
.340249809
NAVX
0.0023%
15

0xb276aed99e123db7e2a9132b0ecabbd62af2ea9d32a016511bf957129c03f4f0
23,103
.32
NAVX
0.0023%
16

0x210cda5f6342e7d925b63b76c9d4ddffe36180ee269eb9e64bd6a676d0c5bcdb
23,011
.840318516
NAVX
0.0023%
17

0x69d770d601c675316fe84378083dbc1dd81640dc6b02f26d6383deec12153631
22,876
.862989
NAVX
0.0023%
18

0x887075b8fc606dd7e607a451373c232e2f9b99534b51d450969c3ff31ff1fd43
22,866
.865463796
NAVX
0.0023%
19

0xb578b940a37b65c879a709c1ba7576320ce4c9f41ae42d4ac8f7401a16b25d03
22,655
.93907472
NAVX
0.0023%
20

0x1f3cdb3d3f4b2cb38b8bd4651456ea49dbf0ffb98721338ca3062fcc0f090f70
22,393
.483254675
NAVX
0.0022%
21

0x81fa7602990393668b29ef95659fd8f41ae2f26a3b29610bf084f8b8144ef42d
22,205
.069844315
NAVX
0.0022%
22

0xd3fecb7ea79bcbf0e2ec8e06f558a9c5f9d869aaccb4cb25b5a4884c1ddc58fb
22,171
.535273153
NAVX
0.0022%
23

0xfb5dee71371b1c10863d44546cec66474641ab45f61ca80cf9338cb4b8fb3aad
21,949
.022408866
NAVX
0.0022%
24

0x9a7eff4b239c930e9b50a7d528e7b5ddd9e3008bb2bd40a5a8a3effabdcd1058
21,880
.524960431
NAVX
0.0022%
25

0x050dbca4d1c9cd0a7acec57c1831d88b2b7511b2afbf0a66685337fcbca40fb5
21,748
.10193113
NAVX
0.0022%
26

0x9673cc34177eef81dc248fad13b71fce5cdc99d25b1c3d0acebf992b56c11df3
21,709
.120831836
NAVX
0.0022%
27

0x6b3c765727fd9ff6711e74b2c082aa5befeb65f8c6b06b26b8a959946a1eb90b
21,576
.054444
NAVX
0.0022%
28

0x3f1dc834436b5eb93d707e25b91efe081e006325df64ca85b495e1eefe3f3b29
21,434
.03266
NAVX
0.0021%
29

0x4b20fc3070dd6d97e8763472a82e797fa842728aa348d711a8b458e00195bb02
21,196
.698895
NAVX
0.0021%
30

0xde3c98b2db8a69e069a02afba1869b6285b8a58e147f463c970eb6c606a1fbdf
20,958
.109824
NAVX
0.0021%
31

0x017779bfd6743307d17273ab16fb18957f060ac8948f5dcf035c3b52582bd2da
20,833
.3
NAVX
0.0021%
32

0x1236f28f38480605fbb1f6a19d4ebfa9ec2f75303aead016137bc155ea4f8ee8
20,430
.051062
NAVX
0.002%
33

0x7af536afe03ed7798058cad12b49c46f150d5ef6b1c2283067b534a8883246d2
20,244
.987928
NAVX
0.002%
34

0x4aaa96a3fbdebce19148416afcc75a2de4bcc8f288e10c8c5395815167892b76
20,244
.579214
NAVX
0.002%
35

0x8f7f4b1236b49358db6d1055a6763b861758921d60886833696ef8756b99ddd8
20,083
.39154182
NAVX
0.002%
36

0xc821ec1131d42f3f5458c6d299e08f1af26a9e06812ace5e9c978d07634acef2
20,069
.476115953
NAVX
0.002%
37

0x0ae2d22ef45b84e6e067a06ecd8719117a7d2f9c23a3dc37a1f4cfd75e5081b2
20,034
.304516299
NAVX
0.002%
38

0x64713626b3665d75f4f903a822cf85c82ce83e11b76bc76d449ad26d695f1cb6
20,030
.15495314
NAVX
0.002%
39

0x45ecb5fe85cf771d3548f3ad0b19674942673c8678478da9a5201bb6f55b0e8c
20,019
.311655914
NAVX
0.002%
40

0x77db5ce245ab3abde0473e3b065a5ed49fb2881a03c7c0f2e17522152e0cbd03
20,001
.050407269
NAVX
0.002%
41

0x23f180d180e6aadfd11c5fa11f970db9ecb2be6b91782a08fe4d632abb275f4a
20,000
.640897187
NAVX
0.002%
42

0x83298f683d8692356d92329ffa7e7230c603c55bae3b492b102ea0f239bfe784
20,000
NAVX
0.002%
43

0xd94493e10a34df290a1fad1ce794454ac0379f82be0c80a29cdf5820fb15bc28
19,999
.070146716
NAVX
0.002%
44

0x9e4e9d0d316675e4ebf6db72335129810681efb8354f9107d603972c37e2617b
19,995
NAVX
0.002%
45

0x0689dcb6efe0725e660d74195c35f92c59abf11cdbbe87d6f818af3d1d17bbd4
19,977
NAVX
0.002%
46

0x4fadbb66a9b75794abde3590b95d3419a9425ba60ae170491e885d6bf8f7e132
19,955
.546609342
NAVX
0.002%
47

0x6656bf6c8e4972ea24ce1dfc3a1e490128ebd96a3c606cf791ba205001110377
19,792
.176464021
NAVX
0.002%
48

0x8c457eb09e20adb33d79af1cad023e6a310686dd66a0def6ca27c6397489f55d
19,775
.21898
NAVX
0.002%
49

0x9eb6c4c701c798d8096b31ff75acef4ea44fe7cdf46b654c1c2bd85d1cced98a
19,638
.71610001
NAVX
0.002%
50

0xd391ab5c52bf2961b610e57c22d16278089e5a488a9198419a76cb42e762285f
19,391
.503283598
NAVX
0.0019%
51

0x414059beb2c6bf28ec2f80f54a66007414ca6f0b9cd767015718402c13f7f9e6
19,355
.890486239
NAVX
0.0019%
52

0xffc8532a046c6d8d7bb0e7fad35e16f40ce240f0050e7049c8474fd0ba9e6b72
19,312
.56630757
NAVX
0.0019%
53

0xcc6767368888eeb11b1edb8abbc0ea9bc7326f1ade7af1f97baae89015625e20
19,221
.9614
NAVX
0.0019%
54

0x13a0815b47d304edbc6eda2f3b9051d81d2e40c7fa1c1d0b894956f8878ea454
19,193
.46432
NAVX
0.0019%
55

0xdcdef8a4a0dd417d7c4218e258519b37e7b1468b95fade5bcc815382760c4660
19,171
.399201375
NAVX
0.0019%
56

0x04ffcbdd2ca9458fb4c616a053fee519ec44826c6004f06d8749bc2a536ef7b4
19,082
.761907266
NAVX
0.0019%
57

0x4c89f92777977a833a07fb6feebc1a337977494132a4d8c4634c6574b1aef819
18,994
.426569804
NAVX
0.0019%
58

0xd6169c0e6bac3543f7c194d0e000b553b8a96c4528063be5f9a1604b697d58ee
18,991
NAVX
0.0019%
59

0x6f621b3091ef89db82d4245a7db61a905fc9df61bb83cd9403ac82154c294d58
18,832
.86924
NAVX
0.0019%
60

0x2570e234fccc62f2c85cb4b5f925b97653c43a478fd6c0b9d82f5bf975ee25bc
18,603
.075192
NAVX
0.0019%
61

0xc442e351266386a00ea56ff953eaa0eddf38ffa5e251734d344f7a30a07b4a0d
18,508
.256352894
NAVX
0.0019%
62

0x14af8e4f596006c2b5468bece08d638f296510a9d7178663f39ffc35d0e92b3e
18,283
.63473
NAVX
0.0018%
63

0xe9205f94da1b996af59b77fb66dd046e007a5a7e1f167857af147b835d965555
18,218
.8558
NAVX
0.0018%
64

0x69408b2029f77317692aef4e1d76c72db9e69d61acb02246431116d89c01cdbf
18,206
.144400208
NAVX
0.0018%
65

0x054add3486975d38971832717ead51c675222def8f4868ae065d2bc5fdf25a70
18,018
.983
NAVX
0.0018%
66

0xa409e234431032095f63bd2614f6978ee2c7511d3012f8e39639815468275c93
17,986
.447100727
NAVX
0.0018%
67

0xb2b7f1e030578efded9e10f0b2e4367e6de70a614f7b11b7b8ddd7e1a92e732a
17,833
.791882274
NAVX
0.0018%
68

0xe96f10d5d307c6c7d18db017988f0d440f0cfcb80ba55140e6c462b23afac748
17,820
.4720739
NAVX
0.0018%
69

0xa3f8d358c6dcb25810a4f6e07acf292e61793e818065987434c28c09a1858cdf
17,740
.310839427
NAVX
0.0018%
70

0x447af003d777cbaa2a7b64bd556e612cee2d6cb8ebdb015af0220a3cb0076b6a
17,678
.977627555
NAVX
0.0018%
71

0xd220df7f34e4dd242a424d95a638ef9b3536bd4066ba5ab3a74df66ddaf4c9af
17,432
.59225696
NAVX
0.0017%
72

0x6ffa955a24908bad020978acdf7d981da3640c9268fd7e6e5b2c7139bf8b9277
17,410
.3272
NAVX
0.0017%
73

0xd24e7d25532fdc4eeb6e5bfdb3a4087c997c0bda514b027af3f73a0983a77f63
17,370
.6724855
NAVX
0.0017%
74

0x4fc773b79207127a7617ef35bd440e18adc178a92a47d5733574b64f0f1d24b1
17,352
.012757702
NAVX
0.0017%
75

0x6e37774a211ff95f4a55c61115be089f15347f78e4018af9b3024f592508148c
17,339
.297166692
NAVX
0.0017%
76

0xaffa043531a6f5564f44ec0541abbbeb7538a443fb2da711d74075b93641bdf2
17,303
.04
NAVX
0.0017%
77

0x231f28821525889b2c1b3da2857e23ff491cf1368632f2437872656156ecd356
17,291
.324356492
NAVX
0.0017%
78
